<?xml version="1.0" encoding="UTF-8"?>
<!DOCTYPE generatorConfiguration PUBLIC "-//mybatis.org//DTD MyBatis Generator Configuration 1.0//EN"
        "http://mybatis.org/dtd/mybatis-generator-config_1_0.dtd">

<generatorConfiguration>
    <context id="testTables" targetRuntime="MyBatis3">
        <!--防止生成重复代码-->
        <plugin type="org.mybatis.generator.plugins.UnmergeableXmlMappersPlugin"/>
        <commentGenerator>
            <!--不生成注释 -->
            <property name="suppressAllComments" value="true"/>
        </commentGenerator>
        <jdbcConnection
                driverClass="com.mysql.cj.jdbc.Driver"
                connectionURL="jdbc:mysql://localhost:3306/trade_coupon?serverTimezone=PST"
                userId="root"
                password="root123456">
        </jdbcConnection>

        <javaTypeResolver>
            <property name="forceBigDecimals" value="false"/>
        </javaTypeResolver>

        <!-- targetProject:生成PO类的位置 -->
        <javaModelGenerator targetPackage="com.shangan.trade.coupon.db.model"
                            targetProject="trade-coupon/src/main/java">
            <!-- enableSubPackages:是否让schema作为包的后缀 -->
            <property name="enableSubPackages" value="true"/>
            <!-- 从数据库返回的值被清理前后的空格 -->
            <property name="trimStrings" value="true"/>
        </javaModelGenerator>


        <!-- targetProject:mapper映射文件生成的位置 -->
        <sqlMapGenerator targetPackage="mappers" targetProject="trade-coupon/src/main/resources">
            <!-- enableSubPackages:是否让schema作为包的后缀 -->
            <property name="enableSubPackages" value="true"/>
        </sqlMapGenerator>

        <!-- targetPackage：mapper接口生成的位置 -->
        <javaClientGenerator type="XMLMAPPER" targetPackage="com.shangan.trade.coupon.db.mappers"
                             targetProject="trade-coupon/src/main/java">
            <!-- enableSubPackages:是否让schema作为包的后缀 -->
            <property name="enableSubPackages" value="true"/>
        </javaClientGenerator>

        <!-- 对应要操作的表 -->
        <!--        <table schema="" tableName="coupon_batch" domainObjectName="CouponBatch" enableCountByExample="false"-->
        <!--               enableDeleteByExample="false" enableSelectByExample="false" enableUpdateByExample="false"-->
        <!--               selectByExampleQueryId="false"></table>-->

        <!--        <table schema="" tableName="coupon_user" domainObjectName="Coupon" enableCountByExample="false"-->
        <!--               enableDeleteByExample="false" enableSelectByExample="false" enableUpdateByExample="false"-->
        <!--               selectByExampleQueryId="false"></table>-->

        <table schema="" tableName="coupon_code" domainObjectName="CouponCode" enableCountByExample="false"
               enableDeleteByExample="false" enableSelectByExample="false" enableUpdateByExample="false"
               selectByExampleQueryId="false">
        </table>
    </context>
</generatorConfiguration>
