<?xml version="1.0" encoding="UTF-8"?>
<!DOCTYPE mapper PUBLIC "-//mybatis.org//DTD Mapper 3.0//EN" "http://mybatis.org/dtd/mybatis-3-mapper.dtd">
<mapper namespace="com.shangan.trade.coupon.db.mappers.CouponMapper">
  <resultMap id="BaseResultMap" type="com.shangan.trade.coupon.db.model.Coupon">
    <id column="id" jdbcType="BIGINT" property="id" />
    <result column="user_id" jdbcType="BIGINT" property="userId" />
    <result column="batch_id" jdbcType="BIGINT" property="batchId" />
    <result column="coupon_name" jdbcType="VARCHAR" property="couponName" />
    <result column="status" jdbcType="INTEGER" property="status" />
    <result column="order_id" jdbcType="BIGINT" property="orderId" />
    <result column="received_time" jdbcType="TIMESTAMP" property="receivedTime" />
    <result column="validate_time" jdbcType="TIMESTAMP" property="validateTime" />
    <result column="used_time" jdbcType="TIMESTAMP" property="usedTime" />
    <result column="create_time" jdbcType="TIMESTAMP" property="createTime" />
  </resultMap>
  <sql id="Base_Column_List">
    id, user_id, batch_id, coupon_name, status, order_id, received_time, validate_time, 
    used_time, create_time
  </sql>
  <select id="selectByPrimaryKey" parameterType="java.lang.Long" resultMap="BaseResultMap">
    select 
    <include refid="Base_Column_List" />
    from coupon_user
    where id = #{id,jdbcType=BIGINT}
  </select>
  <delete id="deleteByPrimaryKey" parameterType="java.lang.Long">
    delete from coupon_user
    where id = #{id,jdbcType=BIGINT}
  </delete>
  <insert id="insert" parameterType="com.shangan.trade.coupon.db.model.Coupon">
    insert into coupon_user (id, user_id, batch_id, 
      coupon_name, status, order_id, 
      received_time, validate_time, used_time, 
      create_time)
    values (#{id,jdbcType=BIGINT}, #{userId,jdbcType=BIGINT}, #{batchId,jdbcType=BIGINT}, 
      #{couponName,jdbcType=VARCHAR}, #{status,jdbcType=INTEGER}, #{orderId,jdbcType=BIGINT}, 
      #{receivedTime,jdbcType=TIMESTAMP}, #{validateTime,jdbcType=TIMESTAMP}, #{usedTime,jdbcType=TIMESTAMP}, 
      #{createTime,jdbcType=TIMESTAMP})
  </insert>
  <insert id="insertSelective" parameterType="com.shangan.trade.coupon.db.model.Coupon">
    insert into coupon_user
    <trim prefix="(" suffix=")" suffixOverrides=",">
      <if test="id != null">
        id,
      </if>
      <if test="userId != null">
        user_id,
      </if>
      <if test="batchId != null">
        batch_id,
      </if>
      <if test="couponName != null">
        coupon_name,
      </if>
      <if test="status != null">
        status,
      </if>
      <if test="orderId != null">
        order_id,
      </if>
      <if test="receivedTime != null">
        received_time,
      </if>
      <if test="validateTime != null">
        validate_time,
      </if>
      <if test="usedTime != null">
        used_time,
      </if>
      <if test="createTime != null">
        create_time,
      </if>
    </trim>
    <trim prefix="values (" suffix=")" suffixOverrides=",">
      <if test="id != null">
        #{id,jdbcType=BIGINT},
      </if>
      <if test="userId != null">
        #{userId,jdbcType=BIGINT},
      </if>
      <if test="batchId != null">
        #{batchId,jdbcType=BIGINT},
      </if>
      <if test="couponName != null">
        #{couponName,jdbcType=VARCHAR},
      </if>
      <if test="status != null">
        #{status,jdbcType=INTEGER},
      </if>
      <if test="orderId != null">
        #{orderId,jdbcType=BIGINT},
      </if>
      <if test="receivedTime != null">
        #{receivedTime,jdbcType=TIMESTAMP},
      </if>
      <if test="validateTime != null">
        #{validateTime,jdbcType=TIMESTAMP},
      </if>
      <if test="usedTime != null">
        #{usedTime,jdbcType=TIMESTAMP},
      </if>
      <if test="createTime != null">
        #{createTime,jdbcType=TIMESTAMP},
      </if>
    </trim>
  </insert>
  <update id="updateByPrimaryKeySelective" parameterType="com.shangan.trade.coupon.db.model.Coupon">
    update coupon_user
    <set>
      <if test="userId != null">
        user_id = #{userId,jdbcType=BIGINT},
      </if>
      <if test="batchId != null">
        batch_id = #{batchId,jdbcType=BIGINT},
      </if>
      <if test="couponName != null">
        coupon_name = #{couponName,jdbcType=VARCHAR},
      </if>
      <if test="status != null">
        status = #{status,jdbcType=INTEGER},
      </if>
      <if test="orderId != null">
        order_id = #{orderId,jdbcType=BIGINT},
      </if>
      <if test="receivedTime != null">
        received_time = #{receivedTime,jdbcType=TIMESTAMP},
      </if>
      <if test="validateTime != null">
        validate_time = #{validateTime,jdbcType=TIMESTAMP},
      </if>
      <if test="usedTime != null">
        used_time = #{usedTime,jdbcType=TIMESTAMP},
      </if>
      <if test="createTime != null">
        create_time = #{createTime,jdbcType=TIMESTAMP},
      </if>
    </set>
    where id = #{id,jdbcType=BIGINT}
  </update>

  <update id="updateByPrimaryKey" parameterType="com.shangan.trade.coupon.db.model.Coupon">
    update coupon_user
    set user_id = #{userId,jdbcType=BIGINT},
      batch_id = #{batchId,jdbcType=BIGINT},
      coupon_name = #{couponName,jdbcType=VARCHAR},
      status = #{status,jdbcType=INTEGER},
      order_id = #{orderId,jdbcType=BIGINT},
      received_time = #{receivedTime,jdbcType=TIMESTAMP},
      validate_time = #{validateTime,jdbcType=TIMESTAMP},
      used_time = #{usedTime,jdbcType=TIMESTAMP},
      create_time = #{createTime,jdbcType=TIMESTAMP}
    where id = #{id,jdbcType=BIGINT}
  </update>

  <select id="queryUserCoupons" resultMap="BaseResultMap" parameterType="java.lang.Long">
    select
    <include refid="Base_Column_List"/>
    from coupon_user where user_id = #{userId,jdbcType=BIGINT}
  </select>

</mapper>