<?xml version="1.0" encoding="UTF-8"?>
<!DOCTYPE mapper PUBLIC "-//mybatis.org//DTD Mapper 3.0//EN" "http://mybatis.org/dtd/mybatis-3-mapper.dtd">
<mapper namespace="com.shangan.trade.coupon.db.mappers.CouponCodeMapper">
  <resultMap id="BaseResultMap" type="com.shangan.trade.coupon.db.model.CouponCode">
    <id column="id" jdbcType="BIGINT" property="id" />
    <result column="code" jdbcType="VARCHAR" property="code" />
    <result column="batch_id" jdbcType="BIGINT" property="batchId" />
    <result column="user_id" jdbcType="BIGINT" property="userId" />
    <result column="status" jdbcType="INTEGER" property="status" />
    <result column="create_time" jdbcType="TIMESTAMP" property="createTime" />
    <result column="modify_time" jdbcType="TIMESTAMP" property="modifyTime" />
  </resultMap>
  <sql id="Base_Column_List">
    id, code, batch_id, user_id, status, create_time, modify_time
  </sql>
  <select id="selectByPrimaryKey" parameterType="java.lang.Long" resultMap="BaseResultMap">
    select 
    <include refid="Base_Column_List" />
    from coupon_code
    where id = #{id,jdbcType=BIGINT}
  </select>
  <delete id="deleteByPrimaryKey" parameterType="java.lang.Long">
    delete from coupon_code
    where id = #{id,jdbcType=BIGINT}
  </delete>
  <insert id="insert" parameterType="com.shangan.trade.coupon.db.model.CouponCode">
    insert into coupon_code (id, code, batch_id, 
      user_id, status, create_time, 
      modify_time)
    values (#{id,jdbcType=BIGINT}, #{code,jdbcType=VARCHAR}, #{batchId,jdbcType=BIGINT}, 
      #{userId,jdbcType=BIGINT}, #{status,jdbcType=INTEGER}, #{createTime,jdbcType=TIMESTAMP}, 
      #{modifyTime,jdbcType=TIMESTAMP})
  </insert>
  <insert id="insertSelective" parameterType="com.shangan.trade.coupon.db.model.CouponCode">
    insert into coupon_code
    <trim prefix="(" suffix=")" suffixOverrides=",">
      <if test="id != null">
        id,
      </if>
      <if test="code != null">
        code,
      </if>
      <if test="batchId != null">
        batch_id,
      </if>
      <if test="userId != null">
        user_id,
      </if>
      <if test="status != null">
        status,
      </if>
      <if test="createTime != null">
        create_time,
      </if>
      <if test="modifyTime != null">
        modify_time,
      </if>
    </trim>
    <trim prefix="values (" suffix=")" suffixOverrides=",">
      <if test="id != null">
        #{id,jdbcType=BIGINT},
      </if>
      <if test="code != null">
        #{code,jdbcType=VARCHAR},
      </if>
      <if test="batchId != null">
        #{batchId,jdbcType=BIGINT},
      </if>
      <if test="userId != null">
        #{userId,jdbcType=BIGINT},
      </if>
      <if test="status != null">
        #{status,jdbcType=INTEGER},
      </if>
      <if test="createTime != null">
        #{createTime,jdbcType=TIMESTAMP},
      </if>
      <if test="modifyTime != null">
        #{modifyTime,jdbcType=TIMESTAMP},
      </if>
    </trim>
  </insert>
  <update id="updateByPrimaryKeySelective" parameterType="com.shangan.trade.coupon.db.model.CouponCode">
    update coupon_code
    <set>
      <if test="code != null">
        code = #{code,jdbcType=VARCHAR},
      </if>
      <if test="batchId != null">
        batch_id = #{batchId,jdbcType=BIGINT},
      </if>
      <if test="userId != null">
        user_id = #{userId,jdbcType=BIGINT},
      </if>
      <if test="status != null">
        status = #{status,jdbcType=INTEGER},
      </if>
      <if test="createTime != null">
        create_time = #{createTime,jdbcType=TIMESTAMP},
      </if>
      <if test="modifyTime != null">
        modify_time = #{modifyTime,jdbcType=TIMESTAMP},
      </if>
    </set>
    where id = #{id,jdbcType=BIGINT}
  </update>
  <update id="updateByPrimaryKey" parameterType="com.shangan.trade.coupon.db.model.CouponCode">
    update coupon_code
    set code = #{code,jdbcType=VARCHAR},
      batch_id = #{batchId,jdbcType=BIGINT},
      user_id = #{userId,jdbcType=BIGINT},
      status = #{status,jdbcType=INTEGER},
      create_time = #{createTime,jdbcType=TIMESTAMP},
      modify_time = #{modifyTime,jdbcType=TIMESTAMP}
    where id = #{id,jdbcType=BIGINT}
  </update>


  <select id="queryCouponByCode" parameterType="java.lang.String" resultMap="BaseResultMap">
    select
    <include refid="Base_Column_List"/>
    from coupon_code
    where code = #{code,jdbcType=VARCHAR}
  </select>
</mapper>